no,title,game,intro_id,loop_id,intro_sec,loop_sec,total_sec
1,Character Select (Arcade ver.) / TEKKEN,TEKKEN,58037268,754605713,1,7,8
2,"Marine Stadium, Japan (Arcade ver.) / TEKKEN",TEKKEN,627178386,822411253,1,41,42
3,"Chicago, U.S.A. (Arcade ver.) / TEKKEN",TEKKEN,482061063,738619648,6,44,50
4,"Sichuan, China (Arcade ver.) / TEKKEN",TEKKEN,602360491,397246857,6,54,60
5,"Angkor Wat, Cambodia (Arcade ver.) / TEKKEN",TEKKEN,942879699,200163537,8,44,52
6,Fiji (Arcade ver.) / TEKKEN,TEKKEN,268301454,959861789,1,56,57
7,"Acropolis, Greece (Arcade ver.) / TEKKEN",TEKKEN,832991567,1021491991,0,52,52
8,"Kyoto, Japan (Arcade ver.) / TEKKEN",TEKKEN,932624880,966744493,2,73,75
9,"Venezia, Italy (Arcade ver.) / TEKKEN",TEKKEN,352049330,75317978,6,48,54
10,"Windermere, U.K. (Arcade ver.) / TEKKEN",TEKKEN,189330717,923770733,1,51,52
11,"Monument Valley, U.S.A. (Arcade ver.) / TEKKEN",TEKKEN,449727494,324755237,21,45,66
12,Staff Roll & Name Entry (Arcade ver.) / TEKKEN,TEKKEN,781962569,375925336,68,13,81
13,Character Select (Console ver.) / TEKKEN,TEKKEN,846504237,213141311,1,7,8
14,"Marine Stadium, Japan (Console ver.) / TEKKEN",TEKKEN,85789905,742541148,45,41,86
15,"Chicago, U.S.A. (Console ver.) / TEKKEN",TEKKEN,494563091,657905923,6,68,74
16,"Sichuan, China (Console ver.) / TEKKEN",TEKKEN,279884465,624593144,30,57,87
17,"Angkor Wat, Cambodia (Console ver.) / TEKKEN",TEKKEN,609641461,1022614216,2,127,129
18,Fiji (Console ver.) / TEKKEN,TEKKEN,34017780,131658077,1,54,55
19,"Acropolis, Greece (Console ver.) / TEKKEN",TEKKEN,1069842962,851498868,4,58,62
20,"Kyoto, Japan (Console ver.) / TEKKEN",TEKKEN,603916912,441246843,22,70,92
21,"King George Island, Antarctica (Console ver.) / TEKKEN",TEKKEN,122269664,375018484,77,78,155
22,"Venezia, Italy (Console ver.) / TEKKEN",TEKKEN,719112983,48812042,64,47,111
23,"Windermere, U.K. (Console ver.) / TEKKEN",TEKKEN,48637221,677553554,2,53,55
24,"Monument Valley, U.S.A. (Console ver.) / TEKKEN",TEKKEN,187442805,373195288,44,187,231
25,Staff Roll (Console ver.) / TEKKEN,TEKKEN,981955427,1057902125,0,69,69
26,Name Entry (Console ver.) / TEKKEN,TEKKEN,358322340,662247494,27,27,54
27,Fighter Select / TEKKEN 2,TEKKEN 2,21369112,1057081310,1,15,16
28,"Michelle Chang, Wandering Female Fighter / TEKKEN 2",TEKKEN 2,868176185,133398824,2,60,62
29,"Lei Wulong, Super Police / TEKKEN 2",TEKKEN 2,804890281,308934273,2,65,67
30,"Marshall Law, Legendary Dragon Again / TEKKEN 2",TEKKEN 2,272403264,161432168,0,50,50
31,"King, Beast Abbe / TEKKEN 2",TEKKEN 2,380107346,256985196,22,66,88
32,"Jun Kazama, Ecological Fighter / TEKKEN 2",TEKKEN 2,733963014,873827336,1,70,71
33,Boss: Middle Class / TEKKEN 2,TEKKEN 2,850466969,471534318,1,62,63
34,"Baek Doo San, Killing Hawk / TEKKEN 2",TEKKEN 2,941749235,370838810,24,41,65
35,"Yoshimitsu, Karakuri Space Ninja / TEKKEN 2",TEKKEN 2,407019220,713662437,2,59,61
36,"Paul Phoenix, Dashing Fighter / TEKKEN 2",TEKKEN 2,935652823,528445197,1,59,60
37,"Jack-2, Super Lethal Weapon / TEKKEN 2",TEKKEN 2,350224474,245046395,29,50,79
38,"Nina Williams, Silent Assassin / TEKKEN 2",TEKKEN 2,496274850,636045875,2,62,64
39,"Heihachi Mishima, the King of Iron Fist / TEKKEN 2",TEKKEN 2,365960007,219868097,2,69,71
40,"Kazuya Mishima, Devil Kazuya / TEKKEN 2",TEKKEN 2,402812128,1062219579,2,61,63
41,Ending: Sound Track / TEKKEN 2,TEKKEN 2,318712520,397016225,0,79,79
42,Are You Ready? / TEKKEN 2,TEKKEN 2,809753488,1005086966,16,80,96
43,Michelle Chang (4PS Re-arrange) / TEKKEN 2,TEKKEN 2,208961960,397180206,15,98,113
44,"The Place, 1997 / TEKKEN 2",TEKKEN 2,270807805,180638925,64,104,168
45,Marshall Law (Japanese Traditional Techno Mix) / TEKKEN 2,TEKKEN 2,714117528,1003124088,92,105,197
46,Ring a Bell / TEKKEN 2,TEKKEN 2,30271367,707658825,33,92,125
47,Jun Kazama (Super Ecology Mix) / TEKKEN 2,TEKKEN 2,245458184,266041288,83,91,174
48,Quiet Interim Report / TEKKEN 2,TEKKEN 2,191243356,92881138,100,92,192
49,Baek Doo San (Double Drumming Mix) / TEKKEN 2,TEKKEN 2,124987320,273281367,4,138,142
50,Paul's Miracle PonKen / TEKKEN 2,TEKKEN 2,734821923,422758568,3,87,90
51,Jack-2 (Industrial Drum Edition) / TEKKEN 2,TEKKEN 2,661116505,975755906,13,115,128
52,Silent Assassin (Cool Headed Mix) / TEKKEN 2,TEKKEN 2,370603810,1006160750,68,104,172
53,Emotionless Passion / TEKKEN 2,TEKKEN 2,725696257,892145686,33,152,185
54,Be In the Mirror / TEKKEN 2,TEKKEN 2,935781682,934867396,96,75,171
55,Go! Go! Go! / TEKKEN 2,TEKKEN 2,480280983,258682784,0,77,77
56,Landscape Under the Ghost-Kaminano / TEKKEN 2,TEKKEN 2,57962543,412710918,0,139,139
57,Character Select (Arcade ver.) / TEKKEN 3,TEKKEN 3,768053587,346816582,8,16,24
58,Paul Phoenix (Arcade ver.) / TEKKEN 3,TEKKEN 3,431820610,150461170,58,78,136
59,Forest Law (Arcade ver.) / TEKKEN 3,TEKKEN 3,452105688,648839680,56,159,215
60,Lei Wulong (Arcade ver.) / TEKKEN 3,TEKKEN 3,1066721151,819565073,128,85,213
61,King (Arcade ver.) / TEKKEN 3,TEKKEN 3,866182111,843433195,56,97,153
62,Yoshimitsu (Arcade ver.) / TEKKEN 3,TEKKEN 3,601183990,995043423,108,98,206
63,Nina Williams (Arcade ver.) / TEKKEN 3,TEKKEN 3,501891155,7973302,45,93,138
64,Hwoarang (Arcade ver.) / TEKKEN 3,TEKKEN 3,201179015,197243442,30,73,103
65,Ling Xiaoyu (Arcade ver.) / TEKKEN 3,TEKKEN 3,389371136,26373523,72,92,164
66,Eddy Gordo (Arcade ver.) / TEKKEN 3,TEKKEN 3,815386315,903313406,77,101,178
67,Jin Kazama (Arcade ver.) / TEKKEN 3,TEKKEN 3,301173953,626755752,32,98,130
68,For Hidden Characters (Arcade ver.) / TEKKEN 3,TEKKEN 3,1051185189,651547158,39,148,187
69,Heihachi Mishima (Arcade ver.) / TEKKEN 3,TEKKEN 3,741710602,702554687,56,151,207
70,Ogre (Arcade ver.) / TEKKEN 3,TEKKEN 3,1030855345,361064281,73,115,188
71,Continue (Arcade ver.) / TEKKEN 3,TEKKEN 3,236085656,15629005,12,12,24
72,Staff Roll (Arcade ver.) / TEKKEN 3,TEKKEN 3,143553592,442037850,19,58,77
73,Character Select (Console ver.) / TEKKEN 3,TEKKEN 3,353779043,396973392,4,57,61
74,Jin Kazama (Console ver.) / TEKKEN 3,TEKKEN 3,314901114,880238603,67,144,211
75,Lei Wulong (Console ver.) / TEKKEN 3,TEKKEN 3,943200377,729498594,23,190,213
76,King Jr. (Console ver.) / TEKKEN 3,TEKKEN 3,865400456,495837762,0,208,208
77,Paul Phoenix (Console ver.) / TEKKEN 3,TEKKEN 3,441989755,426963944,89,128,217
78,Eddy Gordo (Console ver.) / TEKKEN 3,TEKKEN 3,926490082,842807674,81,96,177
79,Hwoarang (Console ver.) / TEKKEN 3,TEKKEN 3,883880584,230908703,57,115,172
80,Forest Law (Console ver.) / TEKKEN 3,TEKKEN 3,571744095,100984540,119,102,221
81,Nina Williams (Console ver.) / TEKKEN 3,TEKKEN 3,650044150,620705770,67,133,200
82,Yoshimitsu (Console ver.) / TEKKEN 3,TEKKEN 3,532335774,522902057,1,211,212
83,Ling Xiaoyu (Console ver.) / TEKKEN 3,TEKKEN 3,991723095,732372287,8,208,216
84,Heihachi Mishima (Console ver.) / TEKKEN 3,TEKKEN 3,57933238,249580316,62,142,204
85,Julia Chang (Console ver.) / TEKKEN 3,TEKKEN 3,719058138,665043575,113,98,211
86,Kuma / Panda (Console ver.) / TEKKEN 3,TEKKEN 3,660768987,604642850,33,144,177
87,Gunjack (Console ver.) / TEKKEN 3,TEKKEN 3,984244935,995044680,36,136,172
88,Bryan Fury (Console ver.) / TEKKEN 3,TEKKEN 3,597092174,319009193,84,67,151
89,Mokujin (Console ver.) / TEKKEN 3,TEKKEN 3,676122153,370343047,11,168,179
90,Dr. Bosconovitch (Console ver.) / TEKKEN 3,TEKKEN 3,640160970,99708948,46,132,178
91,Anna Williams (Console ver.) / TEKKEN 3,TEKKEN 3,406674236,429697648,62,123,185
92,Tiger Jackson (Console ver.) / TEKKEN 3,TEKKEN 3,172238006,674970432,72,107,179
93,Gon (Console ver.) / TEKKEN 3,TEKKEN 3,50799778,803136294,17,148,165
94,Ogre / True Ogre (Console ver.) / TEKKEN 3,TEKKEN 3,89547951,557081857,11,251,262
95,Result (Console ver.) / TEKKEN 3,TEKKEN 3,312590730,448431131,2,65,67
96,Staff Roll (Console ver.) / TEKKEN 3,TEKKEN 3,411991122,757113783,79,75,154
97,Character Select (Arcade ver.) / TEKKEN TAG,TEKKEN TAG,808589387,674067328,2,15,17
98,Jin Stage (Arcade ver.) / TEKKEN TAG,TEKKEN TAG,457102915,537427736,0,68,68
99,Paul Stage (Arcade ver.) / TEKKEN TAG,TEKKEN TAG,1008517692,909864654,3,56,59
100,King Stage (Arcade ver.) / TEKKEN TAG,TEKKEN TAG,147753890,263713324,5,77,82
101,Xiaoyu Stage (Arcade ver.) / TEKKEN TAG,TEKKEN TAG,38450886,444606450,7,71,78
102,School Stage (Arcade ver.) / TEKKEN TAG,TEKKEN TAG,461641357,272552106,8,57,65
103,Law Stage (Arcade ver.) / TEKKEN TAG,TEKKEN TAG,17062315,895477168,3,57,60
104,Nina Stage (Arcade ver.) / TEKKEN TAG,TEKKEN TAG,209185823,505175435,7,139,146
105,Hwoarang Stage (Arcade ver.) / TEKKEN TAG,TEKKEN TAG,953662331,308469862,62,117,179
106,Yoshimitsu Stage (Arcade ver.) / TEKKEN TAG,TEKKEN TAG,693008380,549739925,6,87,93
107,Eddy Stage (Arcade ver.) / TEKKEN TAG,TEKKEN TAG,156477427,922902625,4,138,142
108,Lei Stage (Arcade ver.) / TEKKEN TAG,TEKKEN TAG,912920754,104950467,16,69,85
109,Ogre Stage (Arcade ver.) / TEKKEN TAG,TEKKEN TAG,845770086,700544690,19,52,71
110,Heihachi (Arcade ver.) / TEKKEN TAG,TEKKEN TAG,41856707,475760450,24,59,83
111,Unknown (Arcade ver.) / TEKKEN TAG,TEKKEN TAG,1066428050,796547448,8,75,83
112,Staff Roll (Arcade ver.) / TEKKEN TAG,TEKKEN TAG,,868018058,,94,94
113,Continue (Arcade ver.) / TEKKEN TAG,TEKKEN TAG,684870171,734284286,0,5,5
114,Name Entry (Arcade ver.) / TEKKEN TAG,TEKKEN TAG,384889028,754302325,8,7,15
115,Character Select (Console ver.) / TEKKEN TAG,TEKKEN TAG,392835730,222476479,1,30,31
116,Jin Stage (Console ver.) / TEKKEN TAG,TEKKEN TAG,379317768,940691431,15,89,104
117,Paul Stage (Console ver.) / TEKKEN TAG,TEKKEN TAG,690039885,430805489,11,60,71
118,King Stage (Console ver.) / TEKKEN TAG,TEKKEN TAG,866002102,775382701,14,77,91
119,Xiaoyu Stage (Console ver.) / TEKKEN TAG,TEKKEN TAG,,369416741,,84,84
120,School Stage (Console ver.) / TEKKEN TAG,TEKKEN TAG,964486648,717425257,9,89,98
121,Law Stage (Console ver.) / TEKKEN TAG,TEKKEN TAG,255595999,883321967,6,59,65
122,Nina Stage (Console ver.) / TEKKEN TAG,TEKKEN TAG,,627008590,,83,83
123,Hwoarang Stage (Console ver.) / TEKKEN TAG,TEKKEN TAG,428997983,792678420,4,96,100
124,Yoshimitsu Stage (Console ver.) / TEKKEN TAG,TEKKEN TAG,515894960,1006315053,8,96,104
125,Eddy Stage (Console ver.) / TEKKEN TAG,TEKKEN TAG,,167197720,,96,96
126,Lei Stage (Console ver.) / TEKKEN TAG,TEKKEN TAG,841434281,3948736,8,90,98
127,Ogre Stage (Console ver.) / TEKKEN TAG,TEKKEN TAG,582243878,113064757,18,89,107
128,Heihachi (Console ver.) / TEKKEN TAG,TEKKEN TAG,350776399,811976230,14,96,110
129,Unknown (Console ver.) / TEKKEN TAG,TEKKEN TAG,869693614,61550384,18,78,96
130,Ending Replay (Console ver.) / TEKKEN TAG,TEKKEN TAG,887080289,48228216,16,48,64
131,Staff Roll (Console ver.) / TEKKEN TAG,TEKKEN TAG,,314019597,,184,184
132,Continue (Console ver.) / TEKKEN TAG,TEKKEN TAG,,890354939,,20,20
133,Name Entry (Console ver.) / TEKKEN TAG,TEKKEN TAG,,973941747,,14,14
134,Jet / TEKKEN 4,TEKKEN 4,50731786,304406631,0,72,72
135,Fetus / TEKKEN 4,TEKKEN 4,920073164,409853493,0,141,141
136,Uninhabited / TEKKEN 4,TEKKEN 4,212405161,910097312,42,153,195
137,Didgerhythm / TEKKEN 4,TEKKEN 4,1035792808,547030771,8,362,370
138,Authentic Sky / TEKKEN 4,TEKKEN 4,880741570,411483138,12,132,144
139,Mob / TEKKEN 4,TEKKEN 4,525363755,476465705,0,95,95
140,Kitsch / TEKKEN 4,TEKKEN 4,817430188,467190997,0,104,104
141,QuadraIntroduction / TEKKEN 4,TEKKEN 4,,115061619,,7,7
142,Quadra / TEKKEN 4,TEKKEN 4,727853634,1000156466,0,64,64
143,Bit Crusher / TEKKEN 4,TEKKEN 4,545917863,587609308,24,138,162
144,Fear / TEKKEN 4,TEKKEN 4,419725411,607900624,14,216,230
145,Gym / TEKKEN 4,TEKKEN 4,62324342,983549605,95,165,260
146,Touch and Go / TEKKEN 4,TEKKEN 4,593530415,661589587,15,79,94
147,The Inner Shrine / TEKKEN 4,TEKKEN 4,889861125,795497529,11,122,133
148,Wirepuller Appearance / TEKKEN 4,TEKKEN 4,689506875,932202236,4,20,24
149,The Strongest Iron Arena / TEKKEN 4,TEKKEN 4,666142329,13563976,3,68,71
150,Nothingness / TEKKEN 4,TEKKEN 4,578925512,729315212,53,73,126
151,Lights / TEKKEN 4,TEKKEN 4,917368836,783885537,0,36,36
152,Hex / TEKKEN 4,TEKKEN 4,710611731,152778435,6,174,180
153,Draw The Waveform / TEKKEN 4,TEKKEN 4,890535438,979252239,20,96,116
154,Mode select ~Tekken5~ / TEKKEN 5,TEKKEN 5,834662568,329095543,13,109,122
155,Who's Afraid Of... / TEKKEN 5,TEKKEN 5,773855687,982469377,1,89,90
156,Dragon's Nest ~To those who go to Heaven~ / TEKKEN 5,TEKKEN 5,524210159,831904408,16,131,147
157,Red Hot Fist / TEKKEN 5,TEKKEN 5,,669502823,,82,82
158,Formless Like Water / TEKKEN 5,TEKKEN 5,735204800,882722923,7,99,106
159,Unforgiven / TEKKEN 5,TEKKEN 5,,515379115,,111,111
160,Crimson Sunset / TEKKEN 5,TEKKEN 5,854366477,1047635124,55,87,142
161,Moonlit Wilderness / TEKKEN 5,TEKKEN 5,103407176,466930209,3,113,116
162,Gold Rush / TEKKEN 5,TEKKEN 5,343527326,436331076,14,69,83
163,Massive Stunner / TEKKEN 5,TEKKEN 5,91611400,242925813,12,96,108
164,Antares / TEKKEN 5,TEKKEN 5,492709963,614726149,35,110,145
165,Streets / TEKKEN 5,TEKKEN 5,83843617,162064865,8,59,67
166,Street Wise ~asura mix~ / TEKKEN 5,TEKKEN 5,235041711,199730182,8,72,80
167,Frozen Paradise / TEKKEN 5,TEKKEN 5,802684406,527779098,1,82,83
168,Ka-En-No-Mai / TEKKEN 5,TEKKEN 5,276205719,938451875,8,101,109
169,Orbital Move / TEKKEN 5,TEKKEN 5,,1061817531,,97,97
170,Poolside / TEKKEN 5,TEKKEN 5,220231615,767402165,34,109,143
171,The Finalizer / TEKKEN 5,TEKKEN 5,703456861,750006318,28,81,109
172,Give Me Your Name / TEKKEN 5,TEKKEN 5,,1005626088,,81,81
173,One More / TEKKEN 5,TEKKEN 5,,866000341,,55,55
174,Martial Symphony Opus 5 / TEKKEN 5,TEKKEN 5,,331575074,,202,202
175,Mode select TekkenDR / TEKKEN 5,TEKKEN 5,702293184,767444759,1,61,62
176,Driving Beats / TEKKEN 5,TEKKEN 5,36197424,400102614,2,27,29
177,Garden of the Tiger / TEKKEN 5,TEKKEN 5,189362328,1022620977,8,183,191
178,Hiten / TEKKEN 5,TEKKEN 5,814028960,1041784071,35,181,216
179,Estrada da Estrela / TEKKEN 5,TEKKEN 5,380428573,557279399,102,99,201
180,Turbo Electric / TEKKEN 5,TEKKEN 5,116610088,549764302,40,102,142
181,Call of the Inferno / TEKKEN 5,TEKKEN 5,559626717,522684351,33,117,150
182,Amnesia / TEKKEN 5,TEKKEN 5,487021502,619271744,3,64,67
183,Tiamat / TEKKEN 5,TEKKEN 5,273809089,435771811,69,110,179
184,Martial Medicine / TEKKEN 5,TEKKEN 5,128057113,105912838,16,168,184
185,Snow Castle / TEKKEN 5,TEKKEN 5,1001435322,535896259,16,116,132
186,Twist & Scream / TEKKEN 5,TEKKEN 5,37159523,923360685,1,133,134
187,Aurora Australis / TEKKEN 5,TEKKEN 5,825216680,780552276,41,82,123
188,Into Nirvana / TEKKEN 5,TEKKEN 5,,675544270,,134,134
189,Center of Gravity / TEKKEN 5,TEKKEN 5,724827427,511807230,7,103,110
190,Elegance in Violence / TEKKEN 5,TEKKEN 5,142807991,638180492,2,99,101
191,Pink Pop / TEKKEN 5,TEKKEN 5,43651579,525638483,12,112,124
192,Stalking Wolves / TEKKEN 5,TEKKEN 5,,696126574,,159,159
193,Supercharged / TEKKEN 5,TEKKEN 5,,331900979,,139,139
194,Shattered Dreams / TEKKEN 5,TEKKEN 5,415504562,1021410856,7,143,150
195,Conclusion / TEKKEN 5,TEKKEN 5,283345224,402371653,15,134,149
196,Baby Don't Stop / TEKKEN 5,TEKKEN 5,620441237,320639878,3,20,23
197,Synthetic Pulse / TEKKEN 5,TEKKEN 5,464559193,418844024,15,203,218
198,Disco Bowl / TEKKEN 5,TEKKEN 5,,931193593,,185,185
199,Hall of Fate RESURRECTION / TEKKEN 5,TEKKEN 5,,168224757,,216,216
200,Around The World / TEKKEN 5,TEKKEN 5,387020024,277022287,7,198,205
201,Detune / TEKKEN 6,TEKKEN 6,555225573,782582394,9,69,78
202,Edge of Spring / TEKKEN 6,TEKKEN 6,339889729,385971725,15,123,138
203,Splashing Casino / TEKKEN 6,TEKKEN 6,672768035,1023280938,3,100,103
204,Ethno Evening / TEKKEN 6,TEKKEN 6,1054778855,146760610,22,96,118
205,Cemetery / TEKKEN 6,TEKKEN 6,439525685,952961651,8,96,104
206,Death Fight on the Neon / TEKKEN 6,TEKKEN 6,295064299,811647477,22,128,150
207,Rustic Asia / TEKKEN 6,TEKKEN 6,474031457,287993862,1,107,108
208,YUKI / TEKKEN 6,TEKKEN 6,777693518,613454829,15,103,118
209,Only one Fight / TEKKEN 6,TEKKEN 6,975466421,911257733,10,171,181
210,G / TEKKEN 6,TEKKEN 6,948348873,22300568,20,77,97
211,Artificial Ruins / TEKKEN 6,TEKKEN 6,495608266,211987579,3,137,140
212,Blowin' up the Enemy / TEKKEN 6,TEKKEN 6,316207861,45597299,44,111,155
213,Sacred dark / TEKKEN 6,TEKKEN 6,570492306,80589721,80,56,136
214,Never Ending / TEKKEN 6,TEKKEN 6,296790189,220746159,0,64,64
215,Staffroll / TEKKEN 6,TEKKEN 6,,402268731,,120,120
216,Dust thins out / TEKKEN 6,TEKKEN 6,221515381,626414813,5,27,32
217,Fist Festival / TEKKEN 6,TEKKEN 6,238639393,757331038,9,106,115
218,NANCY / TEKKEN 6,TEKKEN 6,328804820,653689998,2,103,105
219,Midtown Roars / TEKKEN 6,TEKKEN 6,821720971,534857741,25,87,112
220,Tunnel Disaster / TEKKEN 6,TEKKEN 6,173118179,839918677,10,105,115
221,Karma / TEKKEN 6,TEKKEN 6,434292958,273791010,3,159,162
222,Arisa / TEKKEN 6,TEKKEN 6,992291410,79898168,23,120,143
223,Yodeling in meadow hill / TEKKEN 6,TEKKEN 6,893154462,1000735691,6,115,121
224,Staffroll -BR- / TEKKEN 6,TEKKEN 6,,451424903,,131,131
225,Dust Comp / TEKKEN 6,TEKKEN 6,648250677,118351182,1,65,66
226,Virtual stroke / TEKKEN 6,TEKKEN 6,927610712,493916031,14,73,87
227,The Destined / TEKKEN 6,TEKKEN 6,826477359,658129801,40,100,140
228,Calm Beginning / TEKKEN 6,TEKKEN 6,447936980,462883280,1,192,193
229,Deep Attack / TEKKEN 6,TEKKEN 6,489581311,648212272,3,133,136
230,Meeting The Bear / TEKKEN 6,TEKKEN 6,984666378,28355289,78,74,152
231,Sequence Mutation / TEKKEN 6,TEKKEN 6,1049203665,495455892,1,139,140
232,Hacked / TEKKEN 6,TEKKEN 6,212483974,849737799,39,91,130
233,NANCY Again / TEKKEN 6,TEKKEN 6,,756980273,,96,96
234,Distorted Arms / TEKKEN 6,TEKKEN 6,329795127,1011369331,9,88,97
235,Congested Rage / TEKKEN 6,TEKKEN 6,185447160,201109240,0,125,125
236,Blue Wall / TEKKEN 6,TEKKEN 6,967613583,139446030,17,89,106
237,Broken Ties / TEKKEN 6,TEKKEN 6,237428168,991004297,1,44,45
238,Spider / TEKKEN 6,TEKKEN 6,,848995192,,56,56
239,Rebirth / TEKKEN 6,TEKKEN 6,592085536,741490188,8,64,72
240,Synthetic Pulse Installation / TEKKEN 6,TEKKEN 6,,695899972,,195,195
241,Side Winder / TEKKEN 6,TEKKEN 6,678364977,353612471,28,100,128
242,AIM TO WIN / TEKKEN TAG 2,TEKKEN TAG 2,164951155,127654575,4,56,60
243,Tekstep Fountain / TEKKEN TAG 2,TEKKEN TAG 2,709125068,224149150,2,165,167
244,School -After School Mix- / TEKKEN TAG 2,TEKKEN TAG 2,797827079,235833264,22,110,132
245,Sadistic Xmas / TEKKEN TAG 2,TEKKEN TAG 2,861885718,547365746,24,82,106
246,Sunny / TEKKEN TAG 2,TEKKEN TAG 2,573434313,69489482,14,168,182
247,Yun / TEKKEN TAG 2,TEKKEN TAG 2,972307033,456164043,1,96,97
248,Zirkus / TEKKEN TAG 2,TEKKEN TAG 2,776542382,410028100,13,97,110
249,The Strongest Iron Arena -Silver Mix- / TEKKEN TAG 2,TEKKEN TAG 2,547467435,359416306,10,91,101
250,Tool Pusher / TEKKEN TAG 2,TEKKEN TAG 2,124749490,446082811,0,125,125
251,Fiji -Paraiso Mix- / TEKKEN TAG 2,TEKKEN TAG 2,505731612,389197466,19,64,83
252,Electro Parade / TEKKEN TAG 2,TEKKEN TAG 2,711423641,338402795,29,114,143
253,Moonlit Wilderness -D.T.O. Mix- / TEKKEN TAG 2,TEKKEN TAG 2,660463445,655862789,7,109,116
254,Un Deux Trois / TEKKEN TAG 2,TEKKEN TAG 2,491722890,719193514,0,133,133
255,Snow Castle -Mundus Arrange- / TEKKEN TAG 2,TEKKEN TAG 2,1050946774,524268454,15,152,167
256,Abyss of Time / TEKKEN TAG 2,TEKKEN TAG 2,651271759,422191927,20,109,129
257,IT'S NOT A TUNA! / TEKKEN TAG 2,TEKKEN TAG 2,887589266,1037352558,13,104,117
258,Jin Kazama -Far East Mix- / TEKKEN TAG 2,TEKKEN TAG 2,677256798,432411196,8,90,98
259,Utmost Limits / TEKKEN TAG 2,TEKKEN TAG 2,607830567,1023743009,23,90,113
260,What you will see(heaven) / TEKKEN TAG 2,TEKKEN TAG 2,1045775324,1014476857,62,27,89
261,What you will see(hell) / TEKKEN TAG 2,TEKKEN TAG 2,444387064,430420905,0,165,165
262,Night Falls / TEKKEN TAG 2,TEKKEN TAG 2,,583308675,,183,183
263,F.F.Y.R. / TEKKEN TAG 2,TEKKEN TAG 2,217549725,351539627,30,140,170
264,Continue / TEKKEN TAG 2,TEKKEN TAG 2,334863329,479419019,2,26,28
265,Name Entry / TEKKEN TAG 2,TEKKEN TAG 2,283272381,988411591,2,26,28
266,Dawn of the beat / TEKKEN TAG 2,TEKKEN TAG 2,789482998,96006663,4,116,120
267,Baile de Batalla / TEKKEN TAG 2,TEKKEN TAG 2,980983749,341367505,7,135,142
268,stained orange / TEKKEN TAG 2,TEKKEN TAG 2,228263671,238971139,7,162,169
269,Reflexion / TEKKEN TAG 2,TEKKEN TAG 2,1019533641,915048080,2,135,137
270,Siga / TEKKEN TAG 2,TEKKEN TAG 2,921947537,835066356,20,148,168
271,The Big One ~Quiet Strings Mix / TEKKEN TAG 2,TEKKEN TAG 2,39333986,1019748267,4,183,187
272,Your Sunset / TEKKEN TAG 2,TEKKEN TAG 2,10621006,885063541,87,222,309
273,Gallery Parallax / TEKKEN TAG 2,TEKKEN TAG 2,395388702,810166115,64,180,244
274,Battle Cry / TEKKEN TAG 2,TEKKEN TAG 2,675976310,1059028111,19,173,192
275,Virus No.31 / TEKKEN TAG 2,TEKKEN TAG 2,779121256,1050185620,45,132,177
276,Waiting for the vagabond / TEKKEN TAG 2,TEKKEN TAG 2,419647532,779747359,5,172,177
277,Mystic Force / TEKKEN TAG 2,TEKKEN TAG 2,752099889,421932609,8,139,147
278,Glow of the oil / TEKKEN TAG 2,TEKKEN TAG 2,789384354,518732653,9,118,127
279,Fantastic Theater / TEKKEN TAG 2,TEKKEN TAG 2,1055185773,927582723,26,111,137
280,Plucking Tulips / TEKKEN TAG 2,TEKKEN TAG 2,889379453,528631507,7,122,129
281,Landscape Under The Ghost-Kaminano (AD2012) / TEKKEN TAG 2,TEKKEN TAG 2,,354022206,,151,151
282,Specification changes / TEKKEN TAG 2,TEKKEN TAG 2,704305655,420529522,8,150,158
283,Eternal Ordeal / TEKKEN TAG 2,TEKKEN TAG 2,386920753,401909268,11,130,141
284,Wall of Confrontation / TEKKEN TAG 2,TEKKEN TAG 2,673852339,258302637,10,134,144
285,Evaluation result / TEKKEN TAG 2,TEKKEN TAG 2,478477486,525863387,4,58,62
286,Luxury Garden / TEKKEN TAG 2,TEKKEN TAG 2,376772699,327792581,6,46,52
287,Highschool love! / TEKKEN TAG 2,TEKKEN TAG 2,804726778,877505000,14,101,115
288,Dead person-ganryu / TEKKEN TAG 2,TEKKEN TAG 2,896456942,510639407,16,85,101
289,Mortal Power / TEKKEN TAG 2,TEKKEN TAG 2,496132329,349211658,6,141,147
290,Dead person-devil jin / TEKKEN TAG 2,TEKKEN TAG 2,805114404,1012270593,22,98,120
291,SAMBA DE NIGHT / TEKKEN TAG 2,TEKKEN TAG 2,922985495,155237960,14,107,121
292,Dead person-jinpachi / TEKKEN TAG 2,TEKKEN TAG 2,88418653,918765030,14,85,99
293,Backer / TEKKEN TAG 2,TEKKEN TAG 2,846904463,972468184,8,53,61
294,Supporters / TEKKEN TAG 2,TEKKEN TAG 2,743936285,160795133,5,74,79
295,Invincible / TEKKEN TAG 2,TEKKEN TAG 2,1035888171,1033268164,4,25,29
296,New World Order / TEKKEN REVOLUTION,TEKKEN REVOLUTION,80004096,74196409,28,113,141
297,"Blood, Sweat and Fists / TEKKEN REVOLUTION",TEKKEN REVOLUTION,231433280,489613479,6,49,55
298,Everlasting Heaven / TEKKEN REVOLUTION,TEKKEN REVOLUTION,978689091,683268270,12,110,122
299,Self destruct / TEKKEN REVOLUTION,TEKKEN REVOLUTION,204766623,728048412,9,143,152
300,El Condor / TEKKEN REVOLUTION,TEKKEN REVOLUTION,531579778,847865884,3,161,164
301,wHITe / TEKKEN REVOLUTION,TEKKEN REVOLUTION,1042981244,354004938,13,114,127
302,Lunar fringe theories / TEKKEN REVOLUTION,TEKKEN REVOLUTION,430970394,916356885,7,118,125
303,Chopper / TEKKEN REVOLUTION,TEKKEN REVOLUTION,326997465,91182315,7,151,158
304,Offshore oil / TEKKEN REVOLUTION,TEKKEN REVOLUTION,348097269,275345994,22,173,195
305,The ends of the eternal snow / TEKKEN REVOLUTION,TEKKEN REVOLUTION,375420522,740945769,7,167,174
306,Bassamenco / TEKKEN REVOLUTION,TEKKEN REVOLUTION,358216744,487908582,8,118,126
307,Françoise's Bassline / TEKKEN REVOLUTION,TEKKEN REVOLUTION,844855061,928374231,8,159,167
308,Brasil evolution / TEKKEN REVOLUTION,TEKKEN REVOLUTION,288037484,665587001,7,187,194
309,No Easy Way Out / TEKKEN REVOLUTION,TEKKEN REVOLUTION,21844427,1061585900,5,154,159
310,Lost in a Station / TEKKEN REVOLUTION,TEKKEN REVOLUTION,612557817,989758709,36,96,132
311,Fight in the Netherlands / TEKKEN REVOLUTION,TEKKEN REVOLUTION,232490718,514118638,12,120,132
312,Q / TEKKEN REVOLUTION,TEKKEN REVOLUTION,745973694,46043527,58,107,165
313,Fear to agonize / TEKKEN REVOLUTION,TEKKEN REVOLUTION,175500271,945553361,28,148,176
314,Night Rises / TEKKEN REVOLUTION,TEKKEN REVOLUTION,1063515698,632562296,12,139,151
315,Kodama Starship / TEKKEN REVOLUTION,TEKKEN REVOLUTION,940386868,931183369,7,111,118
316,Continue? / TEKKEN REVOLUTION,TEKKEN REVOLUTION,603971716,936010165,3,27,30
317,Fight Night / TEKKEN 7,TEKKEN 7,398291149,462117138,65,66,131
318,Dojo 1st / TEKKEN 7,TEKKEN 7,400337441,693198996,3,113,116
319,Dojo 2nd / TEKKEN 7,TEKKEN 7,369948036,348239319,8,87,95
320,Ruin 65 1st / TEKKEN 7,TEKKEN 7,1031614869,538949116,14,82,96
321,Ruin 65 2nd / TEKKEN 7,TEKKEN 7,847858974,554465116,34,77,111
322,Equator Line 1st / TEKKEN 7,TEKKEN 7,219531248,580156525,13,77,90
323,Equator Line 2nd / TEKKEN 7,TEKKEN 7,60598395,986068872,17,88,105
324,Arctic snowfall 1st / TEKKEN 7,TEKKEN 7,856929217,937519837,9,117,126
325,Arctic snowfall 2nd / TEKKEN 7,TEKKEN 7,678227418,72818170,4,94,98
326,The day before the glass matrix 1st / TEKKEN 7,TEKKEN 7,624261224,810819716,1,103,104
327,The day before the glass matrix 2nd / TEKKEN 7,TEKKEN 7,649872133,577972766,50,66,116
328,Empty Your Mind 1st / TEKKEN 7,TEKKEN 7,805100438,92428030,9,96,105
329,Empty Your Mind 2nd / TEKKEN 7,TEKKEN 7,314675402,556211680,6,82,88
330,A Grain of Sand 1st / TEKKEN 7,TEKKEN 7,285694132,915056881,3,117,120
331,A Grain of Sand 2nd / TEKKEN 7,TEKKEN 7,986899734,882754107,16,74,90
332,Volcano 1st / TEKKEN 7,TEKKEN 7,552466379,79914208,2,82,84
333,Volcano 2nd / TEKKEN 7,TEKKEN 7,309507308,30091892,9,159,168
334,KAZUMI's Theme / TEKKEN 7,TEKKEN 7,209214068,504172166,51,137,188
335,Devil KAZUMI / TEKKEN 7,TEKKEN 7,111703134,517387939,32,120,152
336,Dream Chest / TEKKEN 7,TEKKEN 7,779560917,97347649,22,55,77
337,Continue? / TEKKEN 7,TEKKEN 7,445003182,221229128,1,23,24
338,Solitude (Arcade ver.) / TEKKEN 7,TEKKEN 7,994524717,348826467,23,11,34
339,Tonight Is The Night (Arcade ver.) / TEKKEN 7,TEKKEN 7,68966955,407161431,23,11,34
340,Metallic Experience 1st / TEKKEN 7,TEKKEN 7,491216525,361778591,12,132,144
341,Metallic Experience 2nd / TEKKEN 7,TEKKEN 7,252277576,590876129,0,71,71
342,A • U • N 1st / TEKKEN 7,TEKKEN 7,30190989,829691490,1,105,106
343,A • U • N 2nd / TEKKEN 7,TEKKEN 7,747902171,351920591,2,111,113
344,Abandoned Temple Final 1st / TEKKEN 7,TEKKEN 7,30861190,456809320,22,103,125
345,Abandoned Temple Final 2nd / TEKKEN 7,TEKKEN 7,895543481,390411461,21,108,129
346,Solitude (Console ver.) / TEKKEN 7,TEKKEN 7,366130884,531889045,49,85,134
347,Tonight Is The Night (Console ver.) / TEKKEN 7,TEKKEN 7,599477856,456556140,8,61,69
348,Midnight Closet / TEKKEN 7,TEKKEN 7,794983646,416623442,19,149,168
349,Beginning / TEKKEN 7,TEKKEN 7,432628859,62273060,1,118,119
350,DUOMO DI SIRIO 1st / TEKKEN 7,TEKKEN 7,335067852,973479980,13,161,174
351,DUOMO DI SIRIO 2nd / TEKKEN 7,TEKKEN 7,209879126,652885060,6,87,93
352,Attack on Rhythm 1st / TEKKEN 7,TEKKEN 7,717129228,1009877347,1,90,91
353,Attack on Rhythm 2nd / TEKKEN 7,TEKKEN 7,390411071,392347964,2,77,79
354,Lonesome City Jazz Party 1st / TEKKEN 7,TEKKEN 7,657316628,1034752363,41,87,128
355,Lonesome City Jazz Party 2nd / TEKKEN 7,TEKKEN 7,604861461,548017930,1,78,79
356,Distorter 1st / TEKKEN 7,TEKKEN 7,855204589,544152644,17,68,85
357,Distorter 2nd / TEKKEN 7,TEKKEN 7,325787866,487193419,6,79,85
358,House of Hachijyou / TEKKEN 7,TEKKEN 7,796391488,332297479,1,112,113
359,I'm Here Now 7's remix / TEKKEN 7,TEKKEN 7,941794279,109612615,7,134,141
360,BRIMSTONE & FIRE 1st / TEKKEN 7,TEKKEN 7,81562142,705648924,11,116,127
361,BRIMSTONE & FIRE 2nd / TEKKEN 7,TEKKEN 7,220647769,1043443857,1,102,103
362,Heat Haze Shadow 1 / TEKKEN 7,TEKKEN 7,20252394,517984585,11,90,101
363,Heat Haze Shadow 2 / TEKKEN 7,TEKKEN 7,289251136,383337813,11,88,99
364,Hatred / TEKKEN 7,TEKKEN 7,894215494,287346306,17,85,102
365,Desperate struggle / TEKKEN 7,TEKKEN 7,930227729,576081778,7,89,96
366,PRECIPICE OF FATE 1st / TEKKEN 7,TEKKEN 7,141987074,966390025,26,78,104
367,PRECIPICE OF FATE 2nd / TEKKEN 7,TEKKEN 7,412362780,980982726,3,72,75
368,VioletSystems 1st / TEKKEN 7,TEKKEN 7,878215643,368303918,33,132,165
369,VioletSystems 2nd / TEKKEN 7,TEKKEN 7,321504313,663482152,12,77,89
370,Hideaway 1st / TEKKEN 7,TEKKEN 7,803142877,956913430,1,102,103
371,Hideaway 2nd / TEKKEN 7,TEKKEN 7,1053694661,550977860,1,76,77
372,KINDER GYM 1st / TEKKEN 7,TEKKEN 7,891585928,831188427,14,54,68
373,KINDER GYM 2nd / TEKKEN 7,TEKKEN 7,230706374,890852283,4,81,85
374,Moonsiders 1st / TEKKEN 7,TEKKEN 7,706022379,324570963,11,94,105
375,Moonsiders 2nd / TEKKEN 7,TEKKEN 7,235322298,160344371,12,66,78
376,The Motion / TEKKEN 7,TEKKEN 7,789982834,240804026,3,192,195
377,Ball Wall / TEKKEN 7,TEKKEN 7,345029510,423853908,15,155,170
378,Fever Night / TEKKEN 7,TEKKEN 7,103944692,628507599,16,55,71
379,Solitude Remix / TEKKEN 7,TEKKEN 7,975923654,169741061,19,112,131
380,Fight to The Top / TEKKEN 7,TEKKEN 7,744229468,103773592,11,71,82
381,Atrocity 1st / TEKKEN 7,TEKKEN 7,16006552,227288264,13,93,106
382,Atrocity 2nd / TEKKEN 7,TEKKEN 7,986917074,1005709585,11,87,98
383,Moment of Impact / TEKKEN 7,TEKKEN 7,794644471,368996577,4,90,94
384,Glow / TEKKEN 7,TEKKEN 7,889972162,630606488,15,109,124
385,Siren's Call / TEKKEN 7,TEKKEN 7,1040359800,212612710,13,88,101
386,Pretender / TEKKEN 7,TEKKEN 7,225859699,733568426,26,62,88
387,The Solitary Warrior / TEKKEN 7,TEKKEN 7,698555516,2143017,5,89,94
388,Stigma 1st / TEKKEN 7,TEKKEN 7,636292646,191474600,11,77,88
389,Stigma 2nd / TEKKEN 7,TEKKEN 7,1022682330,117853930,4,96,100
390,Who is it / TEKKEN 7,TEKKEN 7,483101280,587693151,7,63,70
391,Destroyers / TEKKEN 7,TEKKEN 7,528615385,443912053,3,53,56
392,INARI 1st / TEKKEN 7,TEKKEN 7,165479287,839684867,20,95,115
393,INARI 2nd / TEKKEN 7,TEKKEN 7,352978285,832005396,19,91,110
394,Poolside (Curvaceous Mix) / TEKKEN 7,TEKKEN 7,911556430,888052906,57,162,219
395,Kitsch (Beach Party Mix) / TEKKEN 7,TEKKEN 7,832562706,639160005,5,93,98
396,Trigger To Destruction / TEKKEN 7,TEKKEN 7,299030313,164027372,6,66,72
397,The Decisive Blow (Normal) / TEKKEN 8,TEKKEN 8,679034791,265347568,40,106,146
398,The Decisive Blow (Climax) / TEKKEN 8,TEKKEN 8,132578452,829373969,3,73,76
399,Neo City (Normal) / TEKKEN 8,TEKKEN 8,302887237,309910124,22,98,120
400,Neo City (Climax) / TEKKEN 8,TEKKEN 8,361903069,1002059724,3,92,95
401,TAMASHII (Normal) / TEKKEN 8,TEKKEN 8,44699377,520159769,5,106,111
402,TAMASHII (Climax) / TEKKEN 8,TEKKEN 8,423401330,395090309,4,92,96
403,Colosseum (Normal) / TEKKEN 8,TEKKEN 8,853079674,1059440726,14,119,133
404,Colosseum (Climax) / TEKKEN 8,TEKKEN 8,999972134,553645763,43,133,176
405,Hangar Rules (Normal) / TEKKEN 8,TEKKEN 8,305472060,1008702737,24,89,113
406,Hangar Rules (Climax) / TEKKEN 8,TEKKEN 8,245863822,309283,21,123,144
407,STORM RISING (Normal) / TEKKEN 8,TEKKEN 8,71215077,348614119,3,119,122
408,STORM RISING (Climax) / TEKKEN 8,TEKKEN 8,1004249255,219555995,8,117,125
409,Deep Space (Normal) / TEKKEN 8,TEKKEN 8,54137037,178244361,11,67,78
410,Deep Space (Bridge) / TEKKEN 8,TEKKEN 8,616158557,517149262,1,49,50
411,Deep Space (Climax) / TEKKEN 8,TEKKEN 8,223730825,29436182,7,60,67
412,Kakuri-yo Kagura (Normal) / TEKKEN 8,TEKKEN 8,828897545,542941589,3,99,102
413,Kakuri-yo Kagura (Climax) / TEKKEN 8,TEKKEN 8,963171636,259939850,6,85,91
414,Volcanic Bomb (Normal) / TEKKEN 8,TEKKEN 8,662728428,862688236,25,105,130
415,Volcanic Bomb (Climax) / TEKKEN 8,TEKKEN 8,494993857,28819533,14,99,113
416,Golden Meadow (Normal) / TEKKEN 8,TEKKEN 8,142156539,895598728,16,105,121
417,Golden Meadow (Climax) / TEKKEN 8,TEKKEN 8,689849944,72126496,22,65,87
418,Twilight Party Cruise (Normal) / TEKKEN 8,TEKKEN 8,96885972,892732590,26,137,163
419,Twilight Party Cruise (Climax) / TEKKEN 8,TEKKEN 8,629670432,753506029,14,63,77
420,Silently Boisterous (Normal) / TEKKEN 8,TEKKEN 8,463332154,1021966051,36,143,179
421,Silently Boisterous (Climax) / TEKKEN 8,TEKKEN 8,138851552,417318876,6,102,108
422,Baroque Attack (Normal) / TEKKEN 8,TEKKEN 8,873058879,691524868,7,84,91
423,Baroque Attack (Climax) / TEKKEN 8,TEKKEN 8,539072382,325038828,28,83,111
424,Delusional Reality (Normal) / TEKKEN 8,TEKKEN 8,720223967,1032945287,29,212,241
425,Delusional Reality (Climax) / TEKKEN 8,TEKKEN 8,2488718,119343774,29,109,138
426,Our Tekken Ball (Normal) / TEKKEN 8,TEKKEN 8,9442479,55071433,11,171,182
427,Our Tekken Ball (Climax) / TEKKEN 8,TEKKEN 8,336924693,693920308,7,218,225
428,Rude and Reckless / TEKKEN 8,TEKKEN 8,489770415,418545812,5,58,63
429,Liberation / TEKKEN 8,TEKKEN 8,789163454,339347501,18,131,149
430,Be Stylish / TEKKEN 8,TEKKEN 8,584911805,1030794062,13,149,162
431,Time Will Reveal / TEKKEN 8,TEKKEN 8,803536255,898515799,25,194,219
432,Streak of Blue (Normal) / TEKKEN 8,TEKKEN 8,659990067,890063639,32,98,130
433,Streak of Blue (Climax) / TEKKEN 8,TEKKEN 8,256704464,783248665,3,64,67
434,Ordeal (Normal) / TEKKEN 8,TEKKEN 8,306296209,646424174,32,78,110
435,Ordeal (Climax) / TEKKEN 8,TEKKEN 8,1014409037,122317862,5,81,86
436,Away / FINAL FANTASY XVI [Phoenix Gate (Normal)] / TEKKEN 8,TEKKEN 8,249995594,136422200,177,151,328
437,Find the Flame / FINAL FANTASY XVI [Phoenix Gate (Climax)] / TEKKEN 8,TEKKEN 8,135491981,200236604,2,102,104
438,PAC-SPARK (Normal) / TEKKEN 8,TEKKEN 8,233286073,377086005,15,123,138
439,PAC-SPARK (Climax) / TEKKEN 8,TEKKEN 8,692256679,692256679,8,68,76
,Ancient Powers (Normal) / TEKKEN 8,TEKKEN 8,966353609,145043262,16,99,115
,Ancient Powers (Climax) / TEKKEN 8,TEKKEN 8,194623152,893756099,4,81,85
440,Online Lobby Player Match / TEKKEN 8,TEKKEN 8,1043040585,70873001,44,109,153
441,Season 2 Character Select Music: Unstoppable Urge / TEKKEN 8,TEKKEN 8,616529386,220504371,4,75,79
